exp_id,exercise,model_type,best_test_loss,best_epoch,created_at,finished_at,epochs,seq_len,batch_size,lr,hidden_dim,latent_dim,num_layers,dropout,early_stop_patience,json_file,output_dir,experiment_id,test_ratio,autoregressive,d_model,nhead,gpu_id
1a1eae1b,squat,rae,0.025997790608414145,13,2026-04-22T16:04:35.485773,2026-04-22T17:01:05.665077,100.0,25.0,32.0,0.005,128.0,64.0,2.0,0.2,20.0,,,,,,,,
6313c950,incline_bench_press,rae,0.04016500734357305,20,2026-04-22T14:38:45.285559,2026-04-22T14:42:38.561038,50.0,15.0,,,64.0,32.0,,,,,,,,,,,
0ebd2d56,romanian_deadlift,rae,0.17121789287024014,22,2026-04-22T14:45:41.661327,2026-04-22T14:52:24.431400,50.0,30.0,,,64.0,64.0,,,,,,,,,,,
31c9875c,lateral_raise,rae,0.03834676081683003,4,2026-04-22T14:11:26.129478,2026-04-22T14:16:26.784991,50.0,30.0,,,128.0,32.0,,,,,,,,,,,
1adfdeb2,russian_twist,rae,0.16739729606744014,2,2026-04-22T16:04:35.493556,2026-04-22T16:26:51.147803,100.0,35.0,32.0,0.005,128.0,64.0,2.0,0.2,20.0,,,,,,,,
de717136,chest_fly_machine,rae,0.03852252111348332,21,2026-04-22T14:53:07.103541,2026-04-22T14:56:12.333492,50.0,15.0,,,128.0,64.0,,,,,,,,,,,
ac5a2910,lat_pulldown,rae,0.1465282778241741,4,2026-04-22T16:04:35.487631,2026-04-22T16:21:07.427844,100.0,30.0,32.0,0.005,128.0,64.0,2.0,0.2,20.0,,,,,,,,
7f27fff1,chest_fly_machine,rae,0.01122535929640593,72,2026-04-22T16:04:35.481194,2026-04-22T16:23:04.057664,100.0,25.0,32.0,0.005,128.0,64.0,2.0,0.2,20.0,,,,,,,,
5594399b,plank,rae,0.3096949996924636,1,2026-04-22T15:05:22.665620,2026-04-22T15:10:00.204782,100.0,30.0,32.0,0.005,128.0,64.0,2.0,0.2,20.0,,,,,,,,
949f1b1f,lateral_raise,rae,0.038374550979245796,44,2026-04-22T15:05:22.663727,2026-04-22T15:19:56.828024,100.0,35.0,32.0,0.005,128.0,64.0,2.0,0.2,20.0,,,,,,,,
282b3c9e,t_bar_row,rae,0.05322881106583516,3,2026-04-22T15:05:22.669054,2026-04-22T15:13:38.498629,100.0,30.0,32.0,0.005,128.0,64.0,2.0,0.2,20.0,,,,,,,,
f10afe74,lateral_raise,rae,0.03892569084736434,10,2026-04-22T16:04:35.449587,2026-04-22T16:14:52.448897,100.0,35.0,32.0,0.005,128.0,64.0,2.0,0.2,20.0,,,,,,,,
4007a506,deadlift,rae,0.03787879403162315,16,2026-04-22T15:05:22.669642,2026-04-22T15:17:12.156230,100.0,30.0,32.0,0.005,128.0,64.0,2.0,0.2,20.0,,,,,,,,
0cf9ca15,lateral_raise,rae,0.005592997062761905,54,2026-04-22T15:05:22.662886,2026-04-22T15:21:28.878946,100.0,30.0,32.0,0.005,128.0,64.0,2.0,0.2,20.0,,,,,,,,
1503d278,chest_fly_machine,rae,0.03983564746393039,1,2026-04-22T15:05:22.672062,2026-04-22T15:26:20.322790,100.0,35.0,32.0,0.005,128.0,64.0,2.0,0.2,20.0,,,,,,,,
fb13b94d,push-up,rae,0.09593744465732668,87,2026-04-22T16:04:35.513836,2026-04-22T18:40:18.290187,100.0,35.0,32.0,0.005,128.0,64.0,2.0,0.2,20.0,,,,,,,,
05060462,lateral_raise,rae,0.039660944207303823,7,2026-04-22T15:06:53.896196,2026-04-22T15:12:41.457491,50.0,45.0,32.0,0.001,128.0,64.0,3.0,0.1,10.0,,,,,,,,
63332a05,t_bar_row,rae,0.005616776530852403,50,2026-04-22T14:27:50.593320,2026-04-22T14:33:03.236185,50.0,15.0,,,128.0,64.0,,,,,,,,,,,
b64af1fa,tricep_Pushdown,rae,0.08417112712385291,2,2026-04-22T16:04:35.494953,2026-04-22T16:28:27.084301,100.0,35.0,32.0,0.005,128.0,64.0,2.0,0.2,20.0,,,,,,,,
3a38367c,romanian_deadlift,rae,0.22346786413973535,18,2026-04-22T14:48:38.338877,2026-04-22T14:52:24.495629,50.0,15.0,,,128.0,64.0,,,,,,,,,,,
14c90580,romanian_deadlift,rae,0.2372019301695996,2,2026-04-22T16:04:35.480731,2026-04-22T16:15:20.683874,100.0,35.0,32.0,0.005,128.0,64.0,2.0,0.2,20.0,,,,,,,,
209a80e7,pull_Up,rae,0.03534016626898214,12,2026-04-22T16:04:35.482566,2026-04-22T16:17:32.306490,100.0,25.0,32.0,0.005,128.0,64.0,2.0,0.2,20.0,,,,,,,,
65cc6a41,chest_fly_machine,rae,0.03849335319241104,3,2026-04-22T15:05:22.671708,2026-04-22T15:24:44.705710,100.0,25.0,32.0,0.005,128.0,64.0,2.0,0.2,20.0,,,,,,,,
d3322bf2,lat_pulldown,rae,0.04740060456587296,67,2026-04-22T15:05:22.674194,2026-04-22T15:41:15.116533,100.0,25.0,32.0,0.005,128.0,64.0,2.0,0.2,20.0,,,,,,,,
79cb438d,lateral_raise,rae,0.038436714380895354,2,2026-04-22T14:41:05.899082,2026-04-22T14:43:31.187975,50.0,30.0,32.0,0.01,96.0,32.0,2.0,0.3,10.0,,,,,,,,
d7a0d6d9,decline_bench_press,rae,0.10243588898863111,30,2026-04-22T14:35:04.320374,2026-04-22T14:40:34.963416,50.0,30.0,,,64.0,64.0,,,,,,,,,,,
8946d46e,romanian_deadlift,rae,0.2392767771898982,2,2026-04-22T15:05:22.671520,2026-04-22T15:25:35.662353,100.0,35.0,32.0,0.005,128.0,64.0,2.0,0.2,20.0,,,,,,,,
9acf7c37,deadlift,rae,0.034636896641852405,14,2026-04-22T15:05:22.669458,2026-04-22T15:15:22.238779,100.0,25.0,32.0,0.005,128.0,64.0,2.0,0.2,20.0,,,,,,,,
28a99c47,deadlift,rae,0.0398319587474326,4,2026-04-22T16:04:35.456221,2026-04-22T16:08:18.500194,100.0,25.0,32.0,0.005,128.0,64.0,2.0,0.2,20.0,,,,,,,,
8c8481dc,decline_bench_press,rae,0.07087353776393315,28,2026-04-22T14:33:03.828857,2026-04-22T14:36:06.244925,50.0,15.0,,,64.0,32.0,,,,,,,,,,,
dbdb2862,tricep_dips,rae,0.13673619668362505,12,2026-04-22T16:04:35.512009,2026-04-22T16:36:43.476331,100.0,30.0,32.0,0.005,128.0,64.0,2.0,0.2,20.0,,,,,,,,
131193a1,deadlift,rae,0.07987830560477588,6,2026-04-22T16:04:35.457383,2026-04-22T16:09:18.721785,100.0,30.0,32.0,0.005,128.0,64.0,2.0,0.2,20.0,,,,,,,,
1feb0569,incline_bench_press,rae,0.094985542110456,3,2026-04-22T14:39:44.210339,2026-04-22T14:41:56.985419,50.0,15.0,,,64.0,64.0,,,,,,,,,,,
65907d94,decline_bench_press,rae,0.09597175063948933,9,2026-04-22T14:34:41.559727,2026-04-22T14:36:46.010251,50.0,15.0,,,64.0,64.0,,,,,,,,,,,
ecfd9e2e,incline_bench_press,rae,0.09482104645558663,2,2026-04-22T14:40:12.994114,2026-04-22T14:43:56.649231,50.0,30.0,,,64.0,64.0,,,,,,,,,,,
1fa912e2,plank,rae,0.30817846301758645,3,2026-04-22T16:04:35.451503,2026-04-22T16:11:58.739974,100.0,30.0,32.0,0.005,128.0,64.0,2.0,0.2,20.0,,,,,,,,
e60b0fda,lat_pulldown,rae,0.16625867568348585,3,2026-04-22T16:04:35.487167,2026-04-22T16:19:46.509988,100.0,25.0,32.0,0.005,128.0,64.0,2.0,0.2,20.0,,,,,,,,
19216fdb,barbell_biceps_curl,rae,0.013505461068192946,5,2026-04-22T16:04:35.495573,2026-04-22T16:56:33.023576,100.0,25.0,32.0,0.005,128.0,64.0,2.0,0.2,20.0,,,,,,,,
037652e2,pull_Up,rae,0.035172233975546606,1,2026-04-22T15:05:22.672698,2026-04-22T15:29:38.252922,100.0,35.0,32.0,0.005,128.0,64.0,2.0,0.2,20.0,,,,,,,,
5bb33c3c,incline_bench_press,rae,0.09777824111475025,16,2026-04-22T16:04:35.478673,2026-04-22T16:16:24.542267,100.0,30.0,32.0,0.005,128.0,64.0,2.0,0.2,20.0,,,,,,,,
7ed5c511,t_bar_row,rae,0.03847838091910507,4,2026-04-22T14:23:50.430728,2026-04-22T14:28:12.018516,50.0,30.0,,,64.0,64.0,,,,,,,,,,,
d526240f,incline_bench_press,rae,0.09518977207531025,1,2026-04-22T15:05:22.670951,2026-04-22T15:22:12.134683,100.0,35.0,32.0,0.005,128.0,64.0,2.0,0.2,20.0,,,,,,,,
8540f0e0,russian_twist,rae,0.16582238011395753,1,2026-04-22T16:04:35.492646,2026-04-22T16:24:07.305524,100.0,25.0,32.0,0.005,128.0,64.0,2.0,0.2,20.0,,,,,,,,
ffccfd37,lateral_raise,rae,0.002526643361585836,41,2026-04-22T15:43:01.182453,2026-04-22T15:48:23.484762,50.0,15.0,32.0,0.001,64.0,64.0,1.0,0.2,10.0,,,,,,,,
02d229c0,pull_Up,rae,0.03502847739210593,3,2026-04-22T15:05:22.672250,2026-04-22T15:26:45.868963,100.0,25.0,32.0,0.005,128.0,64.0,2.0,0.2,20.0,,,,,,,,
0e250c13,chest_fly_machine,rae,0.014515659903388536,49,2026-04-22T14:51:12.024737,2026-04-22T14:57:19.192738,50.0,30.0,,,64.0,32.0,,,,,,,,,,,
749db951,tricep_Pushdown,rae,0.27314666579751407,8,2026-04-22T16:04:35.494481,2026-04-22T16:28:31.483926,100.0,30.0,32.0,0.005,128.0,64.0,2.0,0.2,20.0,,,,,,,,
e8e73da1,barbell_biceps_curl,rae,0.013542627026948785,16,2026-04-22T16:04:35.496478,2026-04-22T17:21:52.608372,100.0,35.0,32.0,0.005,128.0,64.0,2.0,0.2,20.0,,,,,,,,
79e4f719,chest_fly_machine,rae,0.04075115696869345,12,2026-04-22T14:52:25.023841,2026-04-22T14:54:47.974106,50.0,15.0,,,128.0,32.0,,,,,,,,,,,
1bedef39,leg_raises,rae,0.08605141200614864,1,2026-04-22T16:04:35.483956,2026-04-22T16:15:46.686551,100.0,25.0,32.0,0.005,128.0,64.0,2.0,0.2,20.0,,,,,,,,
4b366428,plank,rae,0.24623838827272798,6,2026-04-22T15:05:22.666457,2026-04-22T15:11:47.303082,100.0,35.0,32.0,0.005,128.0,64.0,2.0,0.2,20.0,,,,,,,,
c62f86ba,leg_raises,rae,0.15695251921902514,2,2026-04-22T15:05:22.673257,2026-04-22T15:30:06.058546,100.0,35.0,32.0,0.005,128.0,64.0,2.0,0.2,20.0,,,,,,,,
fe6caa88,barbell_biceps_curl,rae,0.013459815549836806,3,2026-04-22T16:04:35.496022,2026-04-22T16:59:07.523732,100.0,30.0,32.0,0.005,128.0,64.0,2.0,0.2,20.0,,,,,,,,
6510923a,lateral_raise,rae,0.03831554686372308,3,2026-04-22T15:30:44.474592,2026-04-22T15:34:30.662225,50.0,45.0,32.0,0.01,96.0,32.0,2.0,0.3,10.0,,,,,,,,
d02c6b36,lateral_raise,rae,0.03810808189255369,7,2026-04-22T14:11:26.129369,2026-04-22T14:16:51.240212,50.0,30.0,,,64.0,32.0,,,,,,,,,,,
2c824b90,push-up,rae,0.27863081006037127,3,2026-04-22T16:04:35.513378,2026-04-22T17:00:41.117384,100.0,30.0,32.0,0.005,128.0,64.0,2.0,0.2,20.0,,,,,,,,
88906c13,lateral_raise,rae,0.03809088250001272,18,2026-04-22T14:11:26.129433,2026-04-22T14:16:20.858517,50.0,15.0,,,128.0,32.0,,,,,,,,,,,
3d7df541,decline_bench_press,rae,0.1330735842551763,19,2026-04-22T16:04:35.461969,2026-04-22T16:11:58.661783,100.0,35.0,32.0,0.005,128.0,64.0,2.0,0.2,20.0,,,,,,,,
c9d23d0e,t_bar_row,rae,0.035696070793720766,2,2026-04-22T14:25:45.641138,2026-04-22T14:28:11.996728,50.0,15.0,,,128.0,32.0,,,,,,,,,,,
d6270073,deadlift,rae,0.03180803198050311,2,2026-04-22T14:32:13.723692,2026-04-22T14:35:03.743539,50.0,30.0,,,128.0,64.0,,,,,,,,,,,
c1e6a730,lateral_raise,rae,0.03806213933322052,3,2026-04-22T14:01:18.103362,2026-04-22T14:06:51.146654,100.0,30.0,32.0,0.005,128.0,64.0,2.0,0.2,20.0,datasets/lateral_raise.json,models,,0.1,1.0,128.0,4.0,0.0
84eae135,leg_extension,rae,0.05982605317497955,4,2026-04-22T16:04:35.489920,2026-04-22T16:20:40.510319,100.0,25.0,32.0,0.005,128.0,64.0,2.0,0.2,20.0,,,,,,,,
9bac2683,incline_bench_press,rae,0.09471587148996499,3,2026-04-22T16:04:35.479316,2026-04-22T16:14:32.316117,100.0,35.0,32.0,0.005,128.0,64.0,2.0,0.2,20.0,,,,,,,,
6bc0d009,lateral_raise,rae,0.037459799357586435,1,2026-04-22T14:11:26.129292,2026-04-22T14:14:11.552083,50.0,15.0,,,64.0,64.0,,,,,,,,,,,
aa390d39,deadlift,rae,0.017328618093562936,41,2026-04-22T14:30:36.542923,2026-04-22T14:36:43.535767,50.0,30.0,,,64.0,64.0,,,,,,,,,,,
8bc77607,decline_bench_press,rae,0.13953708659090092,12,2026-04-22T16:04:35.458917,2026-04-22T16:09:02.511398,100.0,25.0,32.0,0.005,128.0,64.0,2.0,0.2,20.0,,,,,,,,
2482c0b5,romanian_deadlift,rae,0.2364852054359651,2,2026-04-22T15:05:22.671148,2026-04-22T15:22:48.207346,100.0,25.0,32.0,0.005,128.0,64.0,2.0,0.2,20.0,,,,,,,,
58cee1d3,hip_thrust,rae,0.07661515265770476,1,2026-04-22T16:04:35.492195,2026-04-22T16:24:48.665364,100.0,35.0,32.0,0.005,128.0,64.0,2.0,0.2,20.0,,,,,,,,
a781a0e9,deadlift,rae,0.04377191684568842,19,2026-04-22T14:31:53.684777,2026-04-22T14:34:40.996744,50.0,15.0,,,128.0,64.0,,,,,,,,,,,
4f93e1a2,tricep_dips,rae,0.1321053660317753,4,2026-04-22T16:04:35.511527,2026-04-22T16:32:39.272300,100.0,25.0,32.0,0.005,128.0,64.0,2.0,0.2,20.0,,,,,,,,
0988f08c,decline_bench_press,rae,0.13376654011653522,2,2026-04-22T15:05:22.670010,2026-04-22T15:16:32.043750,100.0,25.0,32.0,0.005,128.0,64.0,2.0,0.2,20.0,,,,,,,,
ad618601,plank,rae,0.2484081332931424,5,2026-04-22T14:17:29.195485,2026-04-22T14:22:38.202714,50.0,30.0,,,64.0,64.0,,,,,,,,,,,
8b2800e1,plank,rae,0.22455439380111508,1,2026-04-22T14:21:01.294589,2026-04-22T14:23:49.843100,50.0,15.0,,,128.0,64.0,,,,,,,,,,,
bb2aca13,incline_bench_press,rae,0.09577890408645089,2,2026-04-22T14:42:39.178339,2026-04-22T14:46:22.010437,50.0,30.0,,,128.0,64.0,,,,,,,,,,,
75fe8a52,tricep_Pushdown,rae,0.08815178220470746,9,2026-04-22T16:04:35.494011,2026-04-22T16:27:20.444882,100.0,25.0,32.0,0.005,128.0,64.0,2.0,0.2,20.0,,,,,,,,
2af66ebe,decline_bench_press,rae,0.1022281350342782,24,2026-04-22T14:36:06.815463,2026-04-22T14:40:48.855676,50.0,30.0,,,128.0,32.0,,,,,,,,,,,
c8186168,decline_bench_press,rae,0.15001621269262755,1,2026-04-22T16:04:35.460667,2026-04-22T16:08:06.055515,100.0,30.0,32.0,0.005,128.0,64.0,2.0,0.2,20.0,,,,,,,,
e77fe603,incline_bench_press,rae,0.09139460719451703,4,2026-04-22T16:04:35.462828,2026-04-22T16:09:20.571452,100.0,25.0,32.0,0.005,128.0,64.0,2.0,0.2,20.0,,,,,,,,
594de936,hammer_curl,rae,0.4149181189445349,36,2026-04-22T16:04:35.496930,2026-04-22T16:34:04.136170,100.0,25.0,32.0,0.005,128.0,64.0,2.0,0.2,20.0,,,,,,,,
a37d4cb1,lateral_raise,rae,0.03854306554684868,33,2026-04-22T15:19:54.303018,2026-04-22T15:30:43.858407,50.0,30.0,32.0,0.001,128.0,64.0,3.0,0.3,10.0,,,,,,,,
5285696a,deadlift,rae,0.008129932629033781,47,2026-04-22T14:28:12.652565,2026-04-22T14:31:53.142054,50.0,15.0,,,64.0,64.0,,,,,,,,,,,
af7daf17,leg_raises,rae,0.15554232964189607,3,2026-04-22T15:05:22.672890,2026-04-22T15:28:26.623721,100.0,25.0,32.0,0.005,128.0,64.0,2.0,0.2,20.0,,,,,,,,
8ee43a91,shoulder_press,rae,0.04510464747713668,19,2026-04-22T16:04:35.488544,2026-04-22T17:06:04.922481,100.0,25.0,32.0,0.005,128.0,64.0,2.0,0.2,20.0,,,,,,,,
f9812451,plank,rae,0.2641921717443584,2,2026-04-22T15:05:22.664422,2026-04-22T15:09:35.993157,100.0,25.0,32.0,0.005,128.0,64.0,2.0,0.2,20.0,,,,,,,,
ed3c93ce,leg_extension,rae,0.07129961014804194,1,2026-04-22T16:04:35.490367,2026-04-22T16:21:53.779493,100.0,30.0,32.0,0.005,128.0,64.0,2.0,0.2,20.0,,,,,,,,
026109e4,decline_bench_press,rae,0.08363391950235262,29,2026-04-22T14:33:08.201802,2026-04-22T14:38:44.717913,50.0,30.0,,,64.0,32.0,,,,,,,,,,,
47bd70be,decline_bench_press,rae,0.1361670994082592,3,2026-04-22T15:05:22.670379,2026-04-22T15:19:37.215847,100.0,35.0,32.0,0.005,128.0,64.0,2.0,0.2,20.0,,,,,,,,
356707d1,lateral_raise,rae,0.039088437007216925,17,2026-04-22T16:04:35.398910,2026-04-22T16:13:51.293470,100.0,25.0,32.0,0.005,128.0,64.0,2.0,0.2,20.0,,,,,,,,
8caa5582,leg_raises,rae,0.1510185753727908,1,2026-04-22T16:04:35.485022,2026-04-22T16:19:16.404411,100.0,35.0,32.0,0.005,128.0,64.0,2.0,0.2,20.0,,,,,,,,
0d894da3,decline_bench_press,rae,0.09653086130022201,35,2026-04-22T14:36:44.117264,2026-04-22T14:40:12.387452,50.0,15.0,,,128.0,64.0,,,,,,,,,,,
dfc0372a,leg_raises,rae,0.15462561221426105,11,2026-04-22T15:05:22.673072,2026-04-22T15:30:23.553201,100.0,30.0,32.0,0.005,128.0,64.0,2.0,0.2,20.0,,,,,,,,
bbac24a6,russian_twist,rae,0.1672527455297628,7,2026-04-22T16:04:35.493092,2026-04-22T16:26:20.642879,100.0,30.0,32.0,0.005,128.0,64.0,2.0,0.2,20.0,,,,,,,,
234ebd76,romanian_deadlift,rae,0.22104973171145748,1,2026-04-22T15:05:22.671335,2026-04-22T15:23:28.748639,100.0,30.0,32.0,0.005,128.0,64.0,2.0,0.2,20.0,,,,,,,,
1c8688b2,romanian_deadlift,rae,0.11299266814314134,49,2026-04-22T14:43:57.322891,2026-04-22T14:48:37.662937,50.0,15.0,,,64.0,32.0,,,,,,,,,,,
9cfc0e40,t_bar_row,rae,0.009333010779603211,49,2026-04-22T14:22:28.850339,2026-04-22T14:27:50.004413,50.0,15.0,,,64.0,32.0,,,,,,,,,,,
36533896,incline_bench_press,rae,0.09527581789967504,2,2026-04-22T14:40:49.502050,2026-04-22T14:44:15.155178,50.0,30.0,,,128.0,32.0,,,,,,,,,,,
a51fd9d8,bench_press,rae,0.13445281484134639,1,2026-04-22T16:04:35.515225,2026-04-22T16:39:53.442637,100.0,35.0,32.0,0.005,128.0,64.0,2.0,0.2,20.0,,,,,,,,
1f3b4c0c,lat_pulldown,rae,0.06969853141734432,98,2026-04-22T15:05:22.674586,2026-04-22T15:47:57.596811,100.0,35.0,32.0,0.005,128.0,64.0,2.0,0.2,20.0,,,,,,,,
02252a1f,lateral_raise,rae,0.0025073133427132334,27,2026-04-22T15:34:31.450955,2026-04-22T15:38:28.177946,50.0,15.0,32.0,0.001,64.0,64.0,1.0,0.2,10.0,,,,,,,,
fd1b62ac,chest_fly_machine,rae,0.04141734084277822,17,2026-04-22T16:04:35.481651,2026-04-22T16:16:17.149990,100.0,30.0,32.0,0.005,128.0,64.0,2.0,0.2,20.0,,,,,,,,
f6aa973d,chest_fly_machine,rae,0.037348605292793526,12,2026-04-22T14:52:05.200139,2026-04-22T14:54:25.649073,50.0,15.0,,,64.0,64.0,,,,,,,,,,,
945f7d0b,squat,rae,0.02577150038013408,6,2026-04-22T16:04:35.486701,2026-04-22T17:04:11.855724,100.0,35.0,32.0,0.005,128.0,64.0,2.0,0.2,20.0,,,,,,,,
e25d8a81,pull_Up,rae,0.035050757349498814,1,2026-04-22T15:05:22.672424,2026-04-22T15:28:15.105698,100.0,30.0,32.0,0.005,128.0,64.0,2.0,0.2,20.0,,,,,,,,
02af028b,t_bar_row,rae,0.042223661618290234,3,2026-04-22T14:22:38.575818,2026-04-22T14:26:47.148066,50.0,30.0,,,64.0,32.0,,,,,,,,,,,
51ebd472,plank,rae,0.2578767917144387,10,2026-04-22T16:04:35.452487,2026-04-22T16:15:40.997144,100.0,35.0,32.0,0.005,128.0,64.0,2.0,0.2,20.0,,,,,,,,
b23ba40c,lateral_raise,rae,0.0023388143913406463,33,2026-04-22T15:38:28.844191,2026-04-22T15:43:00.518059,50.0,15.0,32.0,0.001,64.0,64.0,1.0,0.2,10.0,,,,,,,,
0223b0f3,squat,rae,0.0260835628712321,7,2026-04-22T16:04:35.486224,2026-04-22T17:00:27.962939,100.0,30.0,32.0,0.005,128.0,64.0,2.0,0.2,20.0,,,,,,,,
3b0f0617,incline_bench_press,rae,0.05682083841579391,53,2026-04-22T15:05:22.670564,2026-04-22T15:27:25.895137,100.0,25.0,32.0,0.005,128.0,64.0,2.0,0.2,20.0,,,,,,,,
e844da6d,lateral_raise,rae,0.038358722479835065,10,2026-04-22T14:16:13.932245,2026-04-22T14:22:28.289177,50.0,30.0,,,128.0,64.0,,,,,,,,,,,
26d9b4f4,incline_bench_press,rae,0.0487522613858023,37,2026-04-22T14:40:35.513849,2026-04-22T14:45:14.972132,50.0,15.0,,,128.0,32.0,,,,,,,,,,,
0ddc26ee,romanian_deadlift,rae,0.09364428048768239,41,2026-04-22T14:45:15.550142,2026-04-22T14:49:35.366864,50.0,15.0,,,64.0,64.0,,,,,,,,,,,
1a7cf240,shoulder_press,rae,0.045172137600497556,24,2026-04-22T16:04:35.489458,2026-04-22T17:29:37.540565,100.0,35.0,32.0,0.005,128.0,64.0,2.0,0.2,20.0,,,,,,,,
31ce53e7,romanian_deadlift,rae,0.23576312271176178,8,2026-04-22T16:04:35.479809,2026-04-22T16:14:41.893786,100.0,25.0,32.0,0.005,128.0,64.0,2.0,0.2,20.0,,,,,,,,
233c427c,deadlift,rae,0.07097367339945854,9,2026-04-22T14:31:45.970847,2026-04-22T14:35:33.643312,50.0,30.0,,,128.0,32.0,,,,,,,,,,,
3c7ab25b,bench_press,rae,0.13668400890027468,24,2026-04-22T16:04:35.514292,2026-04-22T16:41:20.450387,100.0,25.0,32.0,0.005,128.0,64.0,2.0,0.2,20.0,,,,,,,,
5bbeb3c1,incline_bench_press,rae,0.09544054859731917,13,2026-04-22T15:05:22.670764,2026-04-22T15:23:28.938301,100.0,30.0,32.0,0.005,128.0,64.0,2.0,0.2,20.0,,,,,,,,
7ca61a41,t_bar_row,rae,0.05553825207324843,1,2026-04-22T15:05:22.667746,2026-04-22T15:12:40.298681,100.0,25.0,32.0,0.005,128.0,64.0,2.0,0.2,20.0,,,,,,,,
90f2448e,tricep_dips,rae,0.1368764267726378,1,2026-04-22T16:04:35.512465,2026-04-22T16:34:49.215871,100.0,35.0,32.0,0.005,128.0,64.0,2.0,0.2,20.0,,,,,,,,
677294f3,t_bar_row,rae,0.04308913580131033,1,2026-04-22T14:26:47.742704,2026-04-22T14:30:35.937069,50.0,30.0,,,128.0,32.0,,,,,,,,,,,
a1ca02c6,push-up,rae,0.28020227113144003,3,2026-04-22T16:04:35.512915,2026-04-22T16:55:44.200488,100.0,25.0,32.0,0.005,128.0,64.0,2.0,0.2,20.0,,,,,,,,
be4e477b,lat_pulldown,rae,0.11594411491550331,49,2026-04-22T16:04:35.488088,2026-04-22T16:33:38.186163,100.0,35.0,32.0,0.005,128.0,64.0,2.0,0.2,20.0,,,,,,,,
8256e616,incline_bench_press,rae,0.06612978422270921,37,2026-04-22T14:38:52.149702,2026-04-22T14:47:05.408026,50.0,30.0,,,64.0,32.0,,,,,,,,,,,
3a79a1e3,hammer_curl,rae,0.5510795336968953,2,2026-04-22T16:04:35.497396,2026-04-22T16:30:35.087142,100.0,30.0,32.0,0.005,128.0,64.0,2.0,0.2,20.0,,,,,,,,
88b0d0e9,lateral_raise,rae,0.03910014301875217,2,2026-04-22T16:04:35.448691,2026-04-22T16:11:08.499283,100.0,30.0,32.0,0.005,128.0,64.0,2.0,0.2,20.0,,,,,,,,
81b86c7e,romanian_deadlift,rae,0.18665889689562387,1,2026-04-22T14:47:05.969082,2026-04-22T14:50:21.687718,50.0,30.0,,,128.0,32.0,,,,,,,,,,,
5a425da3,deadlift,rae,0.03474683570291343,13,2026-04-22T15:05:22.669823,2026-04-22T15:18:23.233988,100.0,35.0,32.0,0.005,128.0,64.0,2.0,0.2,20.0,,,,,,,,
5db80c8d,lateral_raise,rae,0.039434307278401554,11,2026-04-22T15:12:42.150275,2026-04-22T15:19:53.646640,50.0,45.0,32.0,0.005,128.0,48.0,3.0,0.3,10.0,,,,,,,,
e86cef8d,lateral_raise,rae,0.038701182875340266,2,2026-04-22T14:11:26.129335,2026-04-22T14:16:13.288960,50.0,30.0,,,64.0,64.0,,,,,,,,,,,
db38c942,lateral_raise,rae,0.003156929874999656,45,2026-04-22T14:11:26.129178,2026-04-22T14:17:35.226560,50.0,15.0,,,64.0,32.0,,,,,,,,,,,
df3d7503,deadlift,rae,0.018382737285103472,50,2026-04-22T14:27:54.810408,2026-04-22T14:31:45.378260,50.0,15.0,,,64.0,32.0,,,,,,,,,,,
37bb1475,lateral_raise,rae,0.03906837998992867,3,2026-04-22T15:05:02.198129,2026-04-22T15:06:53.284435,50.0,15.0,32.0,0.01,128.0,64.0,3.0,0.1,10.0,,,,,,,,
5964ee02,plank,rae,0.228742769690052,11,2026-04-22T14:17:35.868393,2026-04-22T14:21:58.963864,50.0,15.0,,,128.0,32.0,,,,,,,,,,,
36e5f07a,romanian_deadlift,rae,0.09769003533306178,40,2026-04-22T14:46:22.603297,2026-04-22T14:51:11.417940,50.0,15.0,,,128.0,32.0,,,,,,,,,,,
eff11253,incline_bench_press,rae,0.04511849409484899,18,2026-04-22T14:41:57.622587,2026-04-22T14:45:41.087961,50.0,15.0,,,128.0,64.0,,,,,,,,,,,
a512de39,lateral_raise,rae,0.002712974294813143,49,2026-04-22T15:48:24.194725,2026-04-22T15:53:50.806626,50.0,15.0,32.0,0.001,64.0,64.0,1.0,0.2,10.0,,,,,,,,
309f10fc,chest_fly_machine,rae,0.041536625419138815,2,2026-04-22T14:54:26.225591,2026-04-22T14:57:05.977415,50.0,30.0,,,128.0,64.0,,,,,,,,,,,
edff710b,leg_raises,rae,0.08812489074831795,3,2026-04-22T16:04:35.484568,2026-04-22T16:18:21.266021,100.0,30.0,32.0,0.005,128.0,64.0,2.0,0.2,20.0,,,,,,,,
d04316fb,plank,rae,0.23171923547097953,1,2026-04-22T14:16:27.394880,2026-04-22T14:21:00.734808,50.0,30.0,,,64.0,32.0,,,,,,,,,,,
88042396,decline_bench_press,rae,0.15968214859674265,5,2026-04-22T15:05:22.670197,2026-04-22T15:18:13.766487,100.0,30.0,32.0,0.005,128.0,64.0,2.0,0.2,20.0,,,,,,,,
004c9210,pull_Up,rae,0.03528242494149875,4,2026-04-22T16:04:35.483036,2026-04-22T16:17:42.109046,100.0,30.0,32.0,0.005,128.0,64.0,2.0,0.2,20.0,,,,,,,,
8fd43a8c,decline_bench_press,rae,0.09920543067227462,48,2026-04-22T14:35:34.234472,2026-04-22T14:38:51.596206,50.0,15.0,,,128.0,32.0,,,,,,,,,,,
9388f831,plank,rae,0.2528255460285904,2,2026-04-22T14:20:46.714626,2026-04-22T14:25:45.069499,50.0,30.0,,,128.0,32.0,,,,,,,,,,,
4230cfeb,romanian_deadlift,rae,0.14180833956585873,48,2026-04-22T14:44:15.771082,2026-04-22T14:52:11.505204,50.0,30.0,,,64.0,32.0,,,,,,,,,,,
a0adf727,lateral_raise,rae,0.03948493339549536,10,2026-04-22T14:58:22.468202,2026-04-22T15:05:01.518061,50.0,45.0,32.0,0.005,128.0,48.0,3.0,0.1,10.0,,,,,,,,
6a66e6ae,chest_fly_machine,rae,0.04139859627075164,2,2026-04-22T16:04:35.482110,2026-04-22T16:14:38.803102,100.0,35.0,32.0,0.005,128.0,64.0,2.0,0.2,20.0,,,,,,,,
5ab3e0f2,chest_fly_machine,rae,0.04027271340682841,3,2026-04-22T15:05:22.671883,2026-04-22T15:25:45.785959,100.0,30.0,32.0,0.005,128.0,64.0,2.0,0.2,20.0,,,,,,,,
d6a1604d,t_bar_row,rae,0.03715943467148824,1,2026-04-22T16:04:35.453900,2026-04-22T16:10:02.516105,100.0,30.0,32.0,0.005,128.0,64.0,2.0,0.2,20.0,,,,,,,,
9bd536d4,decline_bench_press,rae,0.13562520667091832,5,2026-04-22T14:36:46.609923,2026-04-22T14:39:43.618581,50.0,30.0,,,128.0,64.0,,,,,,,,,,,
9aa0c0a0,plank,rae,0.31363016927596366,5,2026-04-22T14:21:59.557792,2026-04-22T14:27:52.979926,50.0,30.0,,,128.0,64.0,,,,,,,,,,,
fb5b48ab,t_bar_row,rae,0.0555752301368657,1,2026-04-22T15:05:22.669266,2026-04-22T15:14:20.616201,100.0,35.0,32.0,0.005,128.0,64.0,2.0,0.2,20.0,,,,,,,,
9669a06d,romanian_deadlift,rae,0.16731186935007128,9,2026-04-22T16:04:35.480270,2026-04-22T16:16:06.198065,100.0,30.0,32.0,0.005,128.0,64.0,2.0,0.2,20.0,,,,,,,,
f4466b82,lat_pulldown,rae,0.05798914297105463,75,2026-04-22T15:05:22.674378,2026-04-22T15:45:11.812207,100.0,30.0,32.0,0.005,128.0,64.0,2.0,0.2,20.0,,,,,,,,
bff4aece,shoulder_press,rae,0.044987934242241574,9,2026-04-22T16:04:35.489004,2026-04-22T17:02:12.221980,100.0,30.0,32.0,0.005,128.0,64.0,2.0,0.2,20.0,,,,,,,,
d64e0979,hip_thrust,rae,0.07780167706576842,3,2026-04-22T16:04:35.491290,2026-04-22T16:22:25.458209,100.0,25.0,32.0,0.005,128.0,64.0,2.0,0.2,20.0,,,,,,,,
1ece58f5,bench_press,rae,0.1348824710077584,2,2026-04-22T16:04:35.514773,2026-04-22T16:38:47.753837,100.0,30.0,32.0,0.005,128.0,64.0,2.0,0.2,20.0,,,,,,,,
ffaa30d3,deadlift,rae,0.034958535240005,4,2026-04-22T14:31:06.753302,2026-04-22T14:33:07.609971,50.0,15.0,,,128.0,32.0,,,,,,,,,,,
cf0cf356,chest_fly_machine,rae,0.03774031775438378,3,2026-04-22T14:50:22.275360,2026-04-22T14:52:04.618517,50.0,15.0,,,64.0,32.0,,,,,,,,,,,
a1657c8c,lateral_raise,rae,0.004163493399539868,49,2026-04-22T14:46:45.745387,2026-04-22T14:55:14.261665,50.0,30.0,32.0,0.001,64.0,64.0,1.0,0.1,10.0,,,,,,,,
7b5043fc,deadlift,rae,0.059663385308291246,1,2026-04-22T14:28:12.626310,2026-04-22T14:31:06.144703,50.0,30.0,,,64.0,32.0,,,,,,,,,,,
06629309,plank,rae,0.08761018501086669,11,2026-04-22T14:16:51.808774,2026-04-22T14:20:46.107587,50.0,15.0,,,64.0,64.0,,,,,,,,,,,
9ad7dd2c,lateral_raise,rae,0.03901720076673112,4,2026-04-22T14:37:38.497465,2026-04-22T14:41:05.247706,50.0,30.0,32.0,0.005,64.0,32.0,3.0,0.3,10.0,,,,,,,,
886f2cad,plank,rae,0.23224963698858098,8,2026-04-22T16:04:35.450512,2026-04-22T16:12:15.503912,100.0,25.0,32.0,0.005,128.0,64.0,2.0,0.2,20.0,,,,,,,,
792770ee,plank,rae,0.08893058430723828,27,2026-04-22T14:16:21.426056,2026-04-22T14:22:37.931716,50.0,15.0,,,64.0,32.0,,,,,,,,,,,
1a0356a8,hip_thrust,rae,0.07942387415252952,5,2026-04-22T16:04:35.491748,2026-04-22T16:24:37.995207,100.0,30.0,32.0,0.005,128.0,64.0,2.0,0.2,20.0,,,,,,,,
88443abd,t_bar_row,rae,0.04004203448511631,4,2026-04-22T14:27:53.567548,2026-04-22T14:32:13.125424,50.0,30.0,,,128.0,64.0,,,,,,,,,,,
ca3019d7,lateral_raise,rae,0.03769786524889844,2,2026-04-22T15:05:22.614320,2026-04-22T15:09:29.154051,100.0,25.0,32.0,0.005,128.0,64.0,2.0,0.2,20.0,,,,,,,,
97af107b,hammer_curl,rae,0.5356507109174473,2,2026-04-22T16:04:35.511016,2026-04-22T16:31:43.847575,100.0,35.0,32.0,0.005,128.0,64.0,2.0,0.2,20.0,,,,,,,,
dd52cf44,deadlift,rae,0.039450394297049385,2,2026-04-22T16:04:35.457955,2026-04-22T16:09:12.069308,100.0,35.0,32.0,0.005,128.0,64.0,2.0,0.2,20.0,,,,,,,,
ffbd25f4,romanian_deadlift,rae,0.22203169876684523,1,2026-04-22T14:49:35.953363,2026-04-22T14:53:06.542170,50.0,30.0,,,128.0,64.0,,,,,,,,,,,
e4d07d7e,t_bar_row,rae,0.0580036778130087,19,2026-04-22T16:04:35.454893,2026-04-22T16:16:09.300137,100.0,35.0,32.0,0.005,128.0,64.0,2.0,0.2,20.0,,,,,,,,
17643383,lateral_raise,rae,0.03832478062974082,8,2026-04-22T14:14:12.202140,2026-04-22T14:17:28.592254,50.0,15.0,,,128.0,64.0,,,,,,,,,,,
5b3359e5,lateral_raise,rae,0.039127299412228596,4,2026-04-22T14:43:31.861204,2026-04-22T14:46:45.070697,50.0,45.0,32.0,0.01,128.0,64.0,1.0,0.3,10.0,,,,,,,,
14256438,leg_extension,rae,0.07486830546051008,3,2026-04-22T16:04:35.490829,2026-04-22T16:23:19.785158,100.0,35.0,32.0,0.005,128.0,64.0,2.0,0.2,20.0,,,,,,,,
d3dc830d,t_bar_row,rae,0.03421596511040327,2,2026-04-22T16:04:35.453053,2026-04-22T16:09:25.761261,100.0,25.0,32.0,0.005,128.0,64.0,2.0,0.2,20.0,,,,,,,,
fcd233d4,t_bar_row,rae,0.005853228480614665,48,2026-04-22T14:22:38.801883,2026-04-22T14:27:54.193509,50.0,15.0,,,64.0,64.0,,,,,,,,,,,
d6137cf9,pull_Up,rae,0.03516331064503474,17,2026-04-22T16:04:35.483496,2026-04-22T16:22:08.568512,100.0,35.0,32.0,0.005,128.0,64.0,2.0,0.2,20.0,,,,,,,,
